id,lastmod
Q57460,2022-11-16T07:10:19Z
Q58244,2022-10-24T11:29:29Z
Q283829,2022-12-03T00:07:45Z
Q336297,2022-11-13T15:06:56Z
Q443070,2022-09-11T08:23:07Z
Q724271,2022-10-05T18:59:44Z
Q971440,2022-07-10T16:03:55Z
Q3319770,2021-02-22T17:07:29Z
Q4663554,2022-09-14T18:42:12Z
Q4665725,2022-09-14T15:42:03Z
Q4666604,2022-09-14T18:40:33Z
Q4695974,2021-02-22T16:52:24Z
Q4710578,2022-07-23T08:40:46Z
Q4735136,2022-09-14T17:46:25Z
Q5080659,2022-09-14T17:26:24Z
Q5339393,2022-09-14T18:40:12Z
Q6104671,2022-02-05T07:27:02Z
Q6363364,2022-09-14T17:42:23Z
Q7413073,2022-11-16T05:30:39Z
Q7493283,2022-09-14T18:41:33Z
Q15127738,2021-02-22T17:03:23Z
Q16727827,2022-01-24T15:21:53Z
Q20090713,2022-08-11T14:04:29Z
Q23728768,2022-09-14T22:18:25Z
Q26923472,2022-10-14T23:57:20Z
Q50242006,2022-09-14T16:42:56Z
Q53863493,2022-12-05T02:57:41Z
Q55065141,2022-10-18T08:42:58Z
Q55081550,2022-09-17T18:46:47Z
Q55126210,2022-09-14T16:49:55Z
Q80050898,2022-09-14T17:46:38Z
Q87471867,2022-09-14T17:20:04Z
Q98637396,2021-03-03T21:38:22Z
Q104603374,2022-09-15T05:46:42Z
Q105725171,2022-09-14T18:20:21Z
Q107067181,2022-11-21T06:38:27Z
Q111522183,2022-09-14T18:25:39Z
Q113975853,2022-10-16T08:36:02Z
Q113975855,2022-10-16T08:36:02Z
Q113975856,2022-10-16T08:36:03Z
Q113975857,2022-10-16T08:36:03Z
Q113975858,2022-10-16T08:36:04Z
Q113976488,2022-09-14T17:45:35Z
Q113976489,2022-09-14T18:03:28Z
Q113976490,2022-09-14T18:10:27Z
Q113976491,2022-09-14T18:32:13Z
Q113976492,2022-09-14T17:43:09Z
Q113976494,2022-09-14T18:22:10Z
Q113976495,2022-09-14T18:20:14Z
Q113976496,2022-09-14T17:47:59Z
Q113976497,2022-09-14T17:25:09Z
Q113976498,2022-09-14T17:46:54Z
Q113976499,2022-09-14T17:53:27Z
Q113976500,2022-09-14T17:25:11Z
Q113976501,2022-09-14T17:47:29Z
Q113976502,2022-09-14T17:47:23Z
Q113976503,2022-09-14T17:47:35Z
Q113976504,2022-09-14T17:25:13Z
Q113976506,2022-09-14T18:07:33Z
Q113976507,2022-09-14T17:48:07Z
Q113976508,2022-09-14T18:37:10Z
Q113976509,2022-09-14T17:42:45Z
Q113976510,2022-09-15T05:29:20Z
Q113976511,2022-09-15T05:29:22Z
Q113976512,2022-09-16T14:28:34Z
Q113976513,2022-09-14T17:47:16Z
Q113976514,2022-09-14T17:53:03Z
Q113976516,2022-09-14T17:48:13Z
Q113976517,2022-09-14T17:52:57Z
Q113976801,2022-09-14T18:20:28Z
Q113976854,2022-09-17T21:29:59Z
